demo-command-palette-dive	명령 한 줄로 장면을 열다	화면 속 작업 20
demo-comment-resolve-chain	댓글에서 수정 완료까지	화면 속 작업 20
demo-component-detach-edit	연결을 풀고 하나만 바꾸기	화면 속 작업 20
demo-drag-asset-drop	이미지를 끌어 바로 적용	화면 속 작업 20
demo-form-to-dashboard	입력이 곧 대시보드가 된다	화면 속 작업 20
demo-image-crop-reframe	같은 이미지에서 주인공 찾기	화면 속 작업 20
demo-infinite-canvas-route	캔버스를 가로질러 완성까지	화면 속 작업 20
demo-inspector-live-style	슬라이더가 화면을 바꾼다	화면 속 작업 20
demo-keyboard-workflow	손이 기억하는 빠른 편집	화면 속 작업 20
demo-multi-cursor-handoff	같은 화면에서 이어받기	화면 속 작업 20
demo-node-connect-run	노드를 연결하면 흐름이 돈다	화면 속 작업 20
demo-responsive-canvas-reflow	폭이 바뀌면 구조도 바뀐다	화면 속 작업 20
demo-scroll-section-magnify	스크롤하다 핵심에서 멈추기	화면 속 작업 20
demo-scrub-timeline-zoom	타임라인에서 정확한 순간 찾기	화면 속 작업 20
demo-search-result-tunnel	검색에서 답으로 들어가기	화면 속 작업 20
demo-selection-marquee-group	흩어진 요소를 한 번에 묶다	화면 속 작업 20
demo-split-editor-preview	코드를 쓰면 화면이 따라온다	화면 속 작업 20
demo-tab-context-switch	탭을 바꿔도 맥락은 그대로	화면 속 작업 20
demo-table-filter-sort	필터로 줄이고 순서로 읽다	화면 속 작업 20
demo-version-history-peel	이전 버전을 꺼내 복원	화면 속 작업 20
create-audio-wave-to-captions	말소리를 읽을 수 있는 문장으로	창작 변환 21
create-contact-sheet-select	아홉 컷에서 가장 좋은 순간을	창작 변환 21
create-glyph-outline-fill	윤곽선이 로고의 면이 되다	창작 변환 21
create-image-outpaint-canvas	이미지 밖까지 캔버스를 넓히기	창작 변환 21
create-image-to-type-poster	이미지가 글자의 표면이 될 때	창작 변환 21
create-layer-depth-camera	평면 이미지의 레이어를 펼치기	창작 변환 21
create-letter-media-shutter	글자가 열리면 장면이 시작된다	창작 변환 21
create-mask-inpaint-reveal	바꾸고 싶은 부분만 고치기	창작 변환 21
create-paragraph-to-headline	긴 설명에서 핵심만 꺼내기	창작 변환 21
create-prompt-image-grid	한 문장이 네 장의 시안으로	창작 변환 21
create-prompt-to-layout	한 줄의 요청이 화면 구조로	창작 변환 21
create-sketch-to-polished	낙서가 제품 시안이 되는 순간	창작 변환 21
create-still-to-motion-strip	정지 이미지에서 움직이는 장면으로	창작 변환 21
create-style-reference-blend	형태와 질감을 따로 참고하기	창작 변환 21
create-text-path-carousel	곡선을 타고 들어와 문장이 되다	창작 변환 21
create-text-to-vector-path	문장에서 편집 가능한 벡터로	창작 변환 21
create-timeline-to-storyboard	타임라인을 장면 계획으로	창작 변환 21
create-token-to-pixel	텍스트 토큰이 그림의 재료로	창작 변환 21
create-type-to-interface	키워드가 작업 화면이 되다	창작 변환 21
create-word-extrude-fold	글자의 깊이를 접어 한 줄로	창작 변환 21
create-workflow-oner	입력에서 이미지, 움직임, 타이포까지	창작 변환 21
explain-compare-sync-workflows	같은 단계끼리 나란히 비교하기	녹화·설명 20
explain-evidence-source-to-quote	원문에서 핵심 문장으로	녹화·설명 20
explain-export-format-fanout	한 결과를 세 가지 포맷으로	녹화·설명 20
explain-feature-priority-matrix	기준을 놓고 우선순위 정하기	녹화·설명 20
explain-metric-waterfall-impact	어디에서 시간이 줄었는지	녹화·설명 20
explain-objection-answer-stack	궁금한 점을 하나씩 해결하기	녹화·설명 20
explain-result-detail-triptych	한 결과를 세 시야로	녹화·설명 20
explain-steps-route-map	작업이 어디로 이어지는지	녹화·설명 20
explain-time-compression-bridge	반복은 빠르게, 결과는 원래 속도로	녹화·설명 20
explain-workflow-branch-decision	조건에 따라 다음 작업을 고르기	녹화·설명 20
record-camera-tour	녹화 화면을 따라 세 곳으로	녹화·설명 20
record-context-inset	크게 보면서 위치도 기억하기	녹화·설명 20
record-cursor-trail-route	조작 경로를 한눈에	녹화·설명 20
record-detail-freeze-callout	먼저 짚고 재생하기	녹화·설명 20
record-linked-loupe	전체 맥락과 디테일을 동시에	녹화·설명 20
record-pan-between-controls	입력에서 실행까지 옆으로	녹화·설명 20
record-portrait-reframe	가로 녹화를 세로로 다시 담기	녹화·설명 20
record-proof-replay	같은 장면을 다시 확인하기	녹화·설명 20
record-punch-hold-return	중요한 순간만 가까이	녹화·설명 20
record-timeline-jump	필요한 세 구간만 이어 보기	녹화·설명 20
motion-term-01	01 이징 — 부드러운 가감속	모션 용어 25
motion-term-02	02 예비동작 — 큰 동작 전 준비	모션 용어 25
motion-term-03	03 스쿼시 앤 스트레치 — 눌리고 늘어나는 탄력	모션 용어 25
motion-term-04	04 아크 — 포물선 이동	모션 용어 25
motion-term-05	05 팔로스루 — 끝부분이 늦게 따라옴	모션 용어 25
motion-term-06	06 오버랩 — 부위별 시간차	모션 용어 25
motion-term-07	07 스태거 — 순차 등장	모션 용어 25
motion-term-08	08 매치컷 — 형태 이어서 전환	모션 용어 25
motion-term-09	09 패럴랙스 — 거리별 속도차	모션 용어 25
motion-term-10	10 마스크 리빌 — 가려졌다 등장	모션 용어 25
motion-term-11	11 모션 블러 — 빠른 움직임 잔상	모션 용어 25
motion-term-12	12 홀드 — 잠깐 멈춤	모션 용어 25
motion-term-13	13 세컨더리 액션 — 보조 움직임	모션 용어 25
motion-term-14	14 줌 스루 — 확대하며 장면 전환	모션 용어 25
motion-term-15	15 휩 팬 — 휙 넘기는 전환	모션 용어 25
motion-term-16	16 아이리스 — 원형 전환	모션 용어 25
motion-term-17	17 키네틱 타이포 — 움직이는 글자	모션 용어 25
motion-term-18	18 카운트업 — 숫자 증가 연출	모션 용어 25
motion-term-19	19 푸시 인 — 카메라가 천천히 접근	모션 용어 25
motion-term-20	20 비트 싱크 — 박자에 맞춰 움직임	모션 용어 25
motion-term-21	21 루프 — 끝과 처음 연결	모션 용어 25
motion-term-combo-title	조합 · 타이틀 등장 — 키네틱 타이포 + 마스크 리빌 + 스태거 + 이징	모션 용어 25
motion-term-combo-card	조합 · 카드 넘기기 — 예비동작 + 휩 팬 + 모션 블러 + 오버랩	모션 용어 25
motion-term-combo-stat	조합 · 숫자 강조 — 푸시 인 + 카운트업 + 비트 싱크 + 홀드	모션 용어 25
motion-term-combo-bounce	조합 · 통통 튀는 등장 — 아크 + 스쿼시 앤 스트레치 + 팔로스루 + 세컨더리 액션	모션 용어 25
bl-film-device-ad	블렌더 세로 광고 — 폰 히어로 턴 → 컷 없이 노트북 → 로고 엔드카드	필름 5
film-ad-channel	채널 광고 스팟 — AI 도구, 직접 써보고 알려드립니다	필름 5
film-laptop-prompt	히어로 필름 · 노트북 프롬프트 광고	필름 5
film-mobile-demo	히어로 필름 · 모바일 앱 데모 광고	필름 5
film-seamless-oneshot	원테이크 심리스 필름 — 점 → 앱 → 폰 → 노트북 → 창의 벽 → 한 줄 → 로고	필름 5
browser-url-load	브라우저 주소 입력 → 로딩 바 → 스켈레톤이 콘텐츠로 → 스크롤	컴포넌트 17
chat-stream	채팅 — 질문 입력 → 생각 중 → 토큰 스트리밍 → 결과 카드	컴포넌트 17
clock-workday	근무 시간 시계 09:00 → 18:00 + 피규어	컴포넌트 17
cursor-autozoom	스크린 녹화 오토줌 — 커서 따라 1.6× 줌·팬·줌아웃	컴포넌트 17
figure-desk-typing	피규어 데스크 타이핑 + 채팅 말풍선	컴포넌트 17
figure-idea-burst	피규어 고민 → 아이디어 번뜩 (선버스트)	컴포넌트 17
figure-wave-endcard	피규어 워크인 + 손 흔드는 엔드카드	컴포넌트 17
figure-wave-endcard-vertical	피규어 워크인 + 손 흔드는 엔드카드 (세로 1080×1920)	컴포넌트 17
phone-app-push	폰 앱 내비게이션 — 리스트 탭 → 푸시 → 바텀시트	컴포넌트 17
phone-float-scroll	폰 플로팅 → 피드 관성 스크롤 → 카드 탭 리프트	컴포넌트 17
phone-lock-notifs	잠금화면 알림 스택 → 펼침 → 상세 카드	컴포넌트 17
split-focus-block	잉크 | 페이퍼 | 라임 블록 분할 + 세로 FOCUS	컴포넌트 17
terminal-agent-run	터미널 에이전트 실행 — 명령 입력 → 로그 스트리밍 → DONE	컴포넌트 17
todo-check-figure	피규어가 가리키는 투두 체크리스트	컴포넌트 17
window-open-cascade	독에서 창 열기 → 캐스케이드 → 포커스 전환 → 타일 정리	컴포넌트 17
glow-chat-ask	글로우 채팅 — 사진 첨부부터 답변 스트리밍, 블러 엔드카드까지	컴포넌트 17
glow-agent-run	글로우 에이전트 — 한 문장 요청이 단계별로 끝나는 장면	컴포넌트 17
beat-cut-words	비트마다 하드컷 — 풀프레임 배경 위 한 단어	기법 20
bl-device-duo	블렌더 노트북 + 폰 — 페이퍼 스윕 오빗	기법 20
bl-laptop-open	블렌더 노트북 — 힌지로 열리고 화면이 깨어나며 정면 돌리 + 포커스 풀	기법 20
bl-phone-hero	블렌더 폰 히어로 — 뒷면에서 앞면으로 떠오르는 회전	기법 20
circle-mask-media	원형 마스크 화면 + 원형 타이포 회전 + 라임 점 공전	기법 20
exploded-ui-layers	UI 카드 분해도 (레이어 익스플로드)	기법 20
figure-rig-sheet	CHA 피규어 리그 시트 (포즈 레퍼런스)	기법 20
folder-burst	폴더 열림 → 카드 부채꼴 + 선택 박스 리사이즈 타이틀	기법 20
iso-window-wall	아이소 창 벽 → 하나 들어올리기	기법 20
laptop-type-zoom	노트북 열고 타이핑 → 줌인 → 슬랜트 풀백	기법 20
long-page-dolly	긴 랜딩 페이지 슬랜트 돌리 → CTA	기법 20
marquee-band-collage	UI 콜라주 + 대각선 티커 밴드 교차	기법 20
mosaic-assemble	모자이크 조립 → 풀백 → 한 칸 포커스	기법 20
orbit-devices	노트북·폰 동기화 오빗	기법 20
outline-rows-backdrop	아웃라인 텍스트 행 배경 + 비트마다 바뀌는 중앙 카드	기법 20
parallax-hero	레이어 패럴랙스 히어로 (트럭)	기법 20
screen-in-screen	화면 속 화면 무한 줌 (드로스테 루프)	기법 20
side-title-frame	세로 사이드 타이틀 + 프레임 카드 2회 교체	기법 20
spotlight-lift	대시보드 스포트라이트 리프트	기법 20
whip-speed-ramp	휩 팬 + 스피드 램프	기법 20
card-stack-swipe	카드 스택 스와이프 두 번 → 다음 장면	트랜지션 9
device-flip	폰이 뒤집히며 다음 화면으로	트랜지션 9
highlighter-wipe	라임 형광펜 대각선 와이프	트랜지션 9
lens-match-cut	라임 점 → 로고 렌즈 매치컷	트랜지션 9
pullback-reveal	풀프레임 화면 → 풀백, 알고 보니 폰 화면	트랜지션 9
rack-focus	랙 포커스 — 앞 카드에서 뒤 화면으로	트랜지션 9
slant-to-flat	비스듬한 창 3개가 모여 한 화면으로	트랜지션 9
window-split-grid	창 하나 → 3×3 그리드 → 하나 골라 줌인	트랜지션 9
zoom-through-screen	노트북 화면 속으로 줌인 → 다음 장면	트랜지션 9
bar-rise-reveal	바에서 솟아오르는 워드	타이포그래피 23
beat-squares-sentence	비트 스퀘어 문장 빌드	타이포그래피 23
beat-word-slam	뷰파인더 비트 워드 슬램	타이포그래피 23
headline-highlighter	두 줄 헤드라인 + 라임 형광펜	타이포그래피 23
icon-scatter-endcard	엔드카드 — 로고 + 이름 + 라인 아이콘 흩뿌리기	타이포그래피 23
karaoke-lime	읽는 만큼 채워지는 자막 + 라임 키워드	타이포그래피 23
label-box-words	라벨 박스 워드 → 한글 문장	타이포그래피 23
letter-clip-shapes	글자 안에서 움직이는 도형	타이포그래피 23
logo-sting	로고 스팅 — 라임 렌즈 → 실루엣	타이포그래피 23
logo-sting-vertical	로고 스팅 세로형 (쇼츠 엔딩)	타이포그래피 23
mixed-type-wordmark	믹스 타입 워드마크 (모노 소문자 + 캡스 + 라임 음절)	타이포그래피 23
phrase-stack	같은 자리에서 바뀌는 문구 스택	타이포그래피 23
pixel-assemble-name	픽셀로 조립되는 네임 플레이트	타이포그래피 23
pixel-assemble-name-vertical	픽셀 네임 플레이트 (세로 9:16)	타이포그래피 23
rail-cover	에디토리얼 커버 — 레일 위에 앉는 헤드라인	타이포그래피 23
selection-box-type	디자인툴 선택 박스 타이포	타이포그래피 23
stat-hero	거대한 숫자 롤 + 라임 라벨 + 진행선	타이포그래피 23
tag-converge	흩어진 태그 → 한 문장으로 수렴	타이포그래피 23
text-window-mask	글자가 창이 되는 전환 (텍스트 마스크 → 풀프레임)	타이포그래피 23
type-on-grid	레이아웃 그리드 위에 조립되는 타이포	타이포그래피 23
weight-breathe	숨쉬는 굵기·자간 워드	타이포그래피 23
word-swap-inline	문장 속 한 단어만 바뀌는 슬롯	타이포그래피 23
word-wall-number	워드 월 + 숫자 펀치	타이포그래피 23
